{"name":"Book_seats","identifier":"61HVK5J1OR","description":"This intent will help the customers to book seats at the restaurant.","parentIntentSignature":null,"sampleUtterances":[{"utterance":"I want to book seats for my dinner at your hotel"},{"utterance":"I want to book seats for my lunch at your restaurant"},{"utterance":"I want to book seats for my meal"},{"utterance":"I want to make reservations for my seats"},{"utterance":"i want to select seats for eating food at your hotel"}],"intentConfirmationSetting":null,"intentClosingSetting":null,"initialResponseSetting":{"conditional":null,"codeHook":{"isActive":true,"enableCodeHookInvocation":true,"invocationLabel":null,"postCodeHookSpecification":{"failureResponse":null,"failureNextStep":{"sessionAttributes":null,"intent":{"name":null,"slots":null},"dialogAction":{"type":"EndConversation","intentsInScope":null,"slotToElicit":null,"suppressNextMessage":null}},"failureConditional":null,"successResponse":null,"successNextStep":{"sessionAttributes":null,"intent":{"name":null,"slots":null},"dialogAction":{"type":"EndConversation","intentsInScope":null,"slotToElicit":null,"suppressNextMessage":null}},"successConditional":null,"timeoutResponse":null,"timeoutNextStep":{"sessionAttributes":null,"intent":{"name":null,"slots":null},"dialogAction":{"type":"EndConversation","intentsInScope":null,"slotToElicit":null,"suppressNextMessage":null}},"timeoutConditional":null}},"nextStep":{"sessionAttributes":null,"intent":{"name":null,"slots":null},"dialogAction":{"type":"InvokeDialogCodeHook","intentsInScope":null,"slotToElicit":null,"suppressNextMessage":null}},"initialResponse":null},"inputContexts":null,"outputContexts":null,"kendraConfiguration":null,"qnAIntentConfiguration":null,"bedrockAgentIntentConfiguration":null,"qInConnectIntentConfiguration":null,"dialogCodeHook":null,"fulfillmentCodeHook":null,"slotPriorities":[]}